{
  "0": {
    "src": [
      [
        301,
        244
      ],
      [
        186,
        270
      ],
      [
        276,
        321
      ],
      [
        394,
        277
      ]
    ],
    "dst": [
      [
        0.0,
        0.0
      ],
      [
        115.0,
        0.0
      ],
      [
        115.0,
        112.0
      ],
      [
        0.0,
        112.0
      ]
    ],
    "H": [
      1.0037099336165982,
      -2.828637085646776,
      388.0707588792172,
      -0.749615457233766,
      -3.315606830072428,
      1034.6423191650358,
      0.0005531490504024915,
      -0.010170791136258748,
      1.0
    ]
  },
  "1": {
    "src": [
      [
        407,
        166
      ],
      [
        308,
        143
      ],
      [
        213,
        174
      ],
      [
        312,
        207
      ]
    ],
    "dst": [
      [
        0.0,
        0.0
      ],
      [
        115.0,
        0.0
      ],
      [
        115.0,
        112.0
      ],
      [
        0.0,
        112.0
      ]
    ],
    "H": [
      -8.15613268375282,
      -18.898356218451635,
      6456.673134550368,
      -6.101390322833978,
      26.262506172198428,
      -1876.3101631915104,
      0.002975628566684348,
      0.06212967861866568,
      1.0
    ]
  },
  "2": {
    "src": [
      [
        277,
        204
      ],
      [
        375,
        182
      ],
      [
        300,
        157
      ],
      [
        206,
        171
      ]
    ],
    "dst": [
      [
        0.0,
        0.0
      ],
      [
        115.0,
        0.0
      ],
      [
        115.0,
        112.0
      ],
      [
        0.0,
        112.0
      ]
    ],
    "H": [
      -5.5695669520434326,
      11.983007684699514,
      -901.7635219626694,
      3.6126546177219234,
      16.092734206215823,
      -4283.623107177001,
      0.00327320483921892,
      -0.050912598617055015,
      1.0
    ]
  },
  "3": {
    "src": [
      [
        294,
        212
      ],
      [
        389,
        242
      ],
      [
        451,
        212
      ],
      [
        355,
        190
      ]
    ],
    "dst": [
      [
        0.0,
        0.0
      ],
      [
        115.0,
        0.0
      ],
      [
        115.0,
        112.0
      ],
      [
        0.0,
        112.0
      ]
    ],
    "H": [
      -1.8988171813812373,
      -5.2649021847388875,
      1674.4115144907278,
      -1.8492828201278144,
      5.85606226373808,
      -697.7960507948955,
      -0.0012605351120098412,
      -0.014263192940626085,
      1.0
    ]
  }
}