{
  "0": {
    "src": [
      [
        381,
        166
      ],
      [
        238,
        211
      ],
      [
        146,
        142
      ],
      [
        285,
        119
      ]
    ],
    "dst": [
      [
        0.0,
        0.0
      ],
      [
        100.0,
        0.0
      ],
      [
        100.0,
        100.0
      ],
      [
        0.0,
        100.0
      ]
    ],
    "H": [
      -1.2598016798583487,
      2.5732119418383275,
      52.83125768086851,
      -0.7527189167785135,
      -2.3919734466517224,
      683.8534994367997,
      -0.0017129224172454725,
      0.011218660243265911,
      1.0
    ]
  },
  "1": {
    "src": [
      [
        408,
        214
      ],
      [
        251,
        166
      ],
      [
        348,
        115
      ],
      [
        481,
        141
      ]
    ],
    "dst": [
      [
        0.0,
        0.0
      ],
      [
        100.0,
        0.0
      ],
      [
        100.0,
        100.0
      ],
      [
        0.0,
        100.0
      ]
    ],
    "H": [
      -2.6085943817204007,
      -2.6085943817204003,
      1622.5457054300891,
      1.5722018732756933,
      -5.142410293839246,
      459.0174385851157,
      0.0007797209846970267,
      0.02501149708052931,
      1.0
    ]
  },
  "2": {
    "src": [
      [
        233,
        200
      ],
      [
        378,
        154
      ],
      [
        521,
        219
      ],
      [
        372,
        297
      ]
    ],
    "dst": [
      [
        0.0,
        0.0
      ],
      [
        100.0,
        0.0
      ],
      [
        100.0,
        100.0
      ],
      [
        0.0,
        100.0
      ]
    ],
    "H": [
      1.0597580688546375,
      -1.5186223873277787,
      56.800847422425086,
      0.7943759876061832,
      2.5040112652803668,
      -685.8918581683139,
      -0.00042261129552894635,
      0.00905819849168794,
      1.0
    ]
  },
  "3": {
    "src": [
      [
        286,
        137
      ],
      [
        409,
        187
      ],
      [
        266,
        259
      ],
      [
        138,
        185
      ]
    ],
    "dst": [
      [
        0.0,
        0.0
      ],
      [
        100.0,
        0.0
      ],
      [
        100.0,
        100.0
      ],
      [
        0.0,
        100.0
      ]
    ],
    "H": [
      0.7588212830283687,
      2.339698956004138,
      -537.5616439186803,
      -0.8442672965510987,
      2.0768975495157003,
      -43.074517470036625,
      -0.0005814357418825725,
      0.007171159756988956,
      1.0
    ]
  }
}