{
  "0": {
    "src": [
      [
        214,
        252
      ],
      [
        85,
        113
      ],
      [
        289,
        40
      ],
      [
        383,
        207
      ]
    ],
    "dst": [
      [
        0.0,
        0.0
      ],
      [
        100.0,
        0.0
      ],
      [
        100.0,
        100.0
      ],
      [
        0.0,
        100.0
      ]
    ],
    "H": [
      -0.13147744933077835,
      -0.4937708652644788,
      152.56643220343523,
      0.3489208547994677,
      -0.32381863502972186,
      6.933233100403799,
      -3.1740042450743628e-06,
      -0.0012724141352640653,
      1.0
    ]
  },
  "1": {
    "src": [
      [
        0.4000000059604645,
        0.46000000834465027
      ],
      [
        0.20374998450279236,
        0.7366666793823242
      ],
      [
        0.6337500214576721,
        0.9300000071525574
      ],
      [
        0.6800000071525574,
        0.5416666865348816
      ]
    ],
    "dst": [
      [
        0.0,
        0.0
      ],
      [
        100.0,
        0.0
      ],
      [
        100.0,
        100.0
      ],
      [
        0.0,
        100.0
      ]
    ],
    "H": [
      -853.7869584279761,
      2927.269171163897,
      -1005.0290547022726,
      2073.9970654132812,
      1471.1637186507412,
      -1506.334161382986,
      -0.835700460587791,
      12.142003247225102,
      1.0
    ],
    "image_size": [
      640,
      480
    ]
  },
  "2": {
    "src": [
      [
        0.3050000071525574,
        0.3633333146572113
      ],
      [
        0.5612500309944153,
        0.47999998927116394
      ],
      [
        0.6775000095367432,
        0.33666667342185974
      ],
      [
        0.4625000059604645,
        0.26499998569488525
      ]
    ],
    "dst": [
      [
        0.0,
        0.0
      ],
      [
        100.0,
        0.0
      ],
      [
        100.0,
        100.0
      ],
      [
        0.0,
        100.0
      ]
    ],
    "H": [
      930.4764071271628,
      1490.339385026422,
      -825.2852595549105,
      711.8545439611859,
      -1563.537698023779,
      350.96969341474323,
      -0.4294213772931757,
      7.008517192890138,
      1.0
    ],
    "image_size": [
      640,
      480
    ]
  }
}